"adm_0_name","adm_1_name","adm_2_name","full_name","ISO_A0","FAO_GAUL_code","RNE_iso_code","IBGE_code","calendar_start_date","calendar_end_date","Year","dengue_total","case_definition_standardised","S_res","T_res","UUID","region"
"ANGOLA",NA,NA,"ANGOLA","AGO",8,"AGO",NA,"2024-11-01","2024-11-30",2024,2,"Total","Admin0","Month","WHO-ALL-2025-Y01-00","AFRO"
"ANGOLA",NA,NA,"ANGOLA","AGO",8,"AGO",NA,"2024-12-01","2024-12-31",2024,3,"Total","Admin0","Month","WHO-ALL-2025-Y01-00","AFRO"
"ANGOLA",NA,NA,"ANGOLA","AGO",8,"AGO",NA,"2024-09-01","2024-09-30",2024,7,"Total","Admin0","Month","WHO-ALL-2025-Y01-00","AFRO"
"ANGOLA",NA,NA,"ANGOLA","AGO",8,"AGO",NA,"2024-10-01","2024-10-31",2024,3,"Total","Admin0","Month","WHO-ALL-2025-Y01-00","AFRO"
"ANGOLA",NA,NA,"ANGOLA","AGO",8,"AGO",NA,"2024-03-01","2024-03-31",2024,0,"Total","Admin0","Month","WHO-ALL-2025-Y01-00","AFRO"
"ANGOLA",NA,NA,"ANGOLA","AGO",8,"AGO",NA,"2024-04-01","2024-04-30",2024,0,"Total","Admin0","Month","WHO-ALL-2025-Y01-00","AFRO"
"ANGOLA",NA,NA,"ANGOLA","AGO",8,"AGO",NA,"2024-05-01","2024-05-31",2024,6,"Total","Admin0","Month","WHO-ALL-2025-Y01-00","AFRO"
"ANGOLA",NA,NA,"ANGOLA","AGO",8,"AGO",NA,"2024-01-01","2024-01-31",2024,0,"Total","Admin0","Month","WHO-ALL-2025-Y01-00","AFRO"
"ANGOLA",NA,NA,"ANGOLA","AGO",8,"AGO",NA,"2024-06-01","2024-06-30",2024,0,"Total","Admin0","Month","WHO-ALL-2025-Y01-00","AFRO"
"ANGOLA",NA,NA,"ANGOLA","AGO",8,"AGO",NA,"2024-07-01","2024-07-31",2024,12,"Total","Admin0","Month","WHO-ALL-2025-Y01-00","AFRO"
"ANGOLA",NA,NA,"ANGOLA","AGO",8,"AGO",NA,"2024-08-01","2024-08-31",2024,53,"Total","Admin0","Month","WHO-ALL-2025-Y01-00","AFRO"
"ANGOLA",NA,NA,"ANGOLA","AGO",8,"AGO",NA,"2024-02-01","2024-02-29",2024,0,"Total","Admin0","Month","WHO-ALL-2025-Y01-00","AFRO"
"ANGOLA",NA,NA,"ANGOLA","AGO",8,"AGO",NA,"2025-02-01","2025-02-28",2025,60,"Total","Admin0","Month","WHO-ALL-2025-Y01-00","AFRO"
"BENIN",NA,NA,"BENIN","BEN",29,"BEN",NA,"2024-10-01","2024-10-31",2024,5,"Total","Admin0","Month","WHO-ALL-2025-Y01-00","AFRO"
"BENIN",NA,NA,"BENIN","BEN",29,"BEN",NA,"2024-11-01","2024-11-30",2024,4,"Total","Admin0","Month","WHO-ALL-2025-Y01-00","AFRO"
"BENIN",NA,NA,"BENIN","BEN",29,"BEN",NA,"2024-12-01","2024-12-31",2024,1,"Total","Admin0","Month","WHO-ALL-2025-Y01-00","AFRO"
"BENIN",NA,NA,"BENIN","BEN",29,"BEN",NA,"2024-05-01","2024-05-31",2024,0,"Total","Admin0","Month","WHO-ALL-2025-Y01-00","AFRO"
"BENIN",NA,NA,"BENIN","BEN",29,"BEN",NA,"2024-06-01","2024-06-30",2024,9,"Total","Admin0","Month","WHO-ALL-2025-Y01-00","AFRO"
"BENIN",NA,NA,"BENIN","BEN",29,"BEN",NA,"2024-07-01","2024-07-31",2024,11,"Total","Admin0","Month","WHO-ALL-2025-Y01-00","AFRO"
"BENIN",NA,NA,"BENIN","BEN",29,"BEN",NA,"2024-03-01","2024-03-31",2024,0,"Total","Admin0","Month","WHO-ALL-2025-Y01-00","AFRO"
"BENIN",NA,NA,"BENIN","BEN",29,"BEN",NA,"2024-08-01","2024-08-31",2024,5,"Total","Admin0","Month","WHO-ALL-2025-Y01-00","AFRO"
"BENIN",NA,NA,"BENIN","BEN",29,"BEN",NA,"2024-09-01","2024-09-30",2024,2,"Total","Admin0","Month","WHO-ALL-2025-Y01-00","AFRO"
"BENIN",NA,NA,"BENIN","BEN",29,"BEN",NA,"2024-02-01","2024-02-29",2024,1,"Total","Admin0","Month","WHO-ALL-2025-Y01-00","AFRO"
"BENIN",NA,NA,"BENIN","BEN",29,"BEN",NA,"2025-02-01","2025-02-28",2025,3,"Total","Admin0","Month","WHO-ALL-2025-Y01-00","AFRO"
"BENIN",NA,NA,"BENIN","BEN",29,"BEN",NA,"2024-04-01","2024-04-30",2024,0,"Total","Admin0","Month","WHO-ALL-2025-Y01-00","AFRO"
"BENIN",NA,NA,"BENIN","BEN",29,"BEN",NA,"2024-01-01","2024-01-31",2024,3,"Total","Admin0","Month","WHO-ALL-2025-Y01-00","AFRO"
"BENIN",NA,NA,"BENIN","BEN",29,"BEN",NA,"2025-01-01","2025-01-31",2025,0,"Total","Admin0","Month","WHO-ALL-2025-Y01-00","AFRO"
"BENIN",NA,NA,"BENIN","BEN",29,"BEN",NA,"2025-03-01","2025-03-31",2025,1,"Total","Admin0","Month","WHO-ALL-2025-Y01-00","AFRO"
"BURKINA FASO",NA,NA,"BURKINA FASO","BFA",42,"BFA",NA,"2024-03-01","2024-03-31",2024,2898,"Total","Admin0","Month","WHO-ALL-2025-Y01-00","AFRO"
"BURKINA FASO",NA,NA,"BURKINA FASO","BFA",42,"BFA",NA,"2024-04-01","2024-04-30",2024,2404,"Total","Admin0","Month","WHO-ALL-2025-Y01-00","AFRO"
"BURKINA FASO",NA,NA,"BURKINA FASO","BFA",42,"BFA",NA,"2024-02-01","2024-02-29",2024,5067,"Total","Admin0","Month","WHO-ALL-2025-Y01-00","AFRO"
"BURKINA FASO",NA,NA,"BURKINA FASO","BFA",42,"BFA",NA,"2024-01-01","2024-01-31",2024,6729,"Total","Admin0","Month","WHO-ALL-2025-Y01-00","AFRO"
"BURKINA FASO",NA,NA,"BURKINA FASO","BFA",42,"BFA",NA,"2024-11-01","2024-11-30",2024,3987,"Total","Admin0","Month","WHO-ALL-2025-Y01-00","AFRO"
"BURKINA FASO",NA,NA,"BURKINA FASO","BFA",42,"BFA",NA,"2024-12-01","2024-12-31",2024,5771,"Total","Admin0","Month","WHO-ALL-2025-Y01-00","AFRO"
"BURKINA FASO",NA,NA,"BURKINA FASO","BFA",42,"BFA",NA,"2025-01-01","2025-01-31",2025,4242,"Total","Admin0","Month","WHO-ALL-2025-Y01-00","AFRO"
"BURKINA FASO",NA,NA,"BURKINA FASO","BFA",42,"BFA",NA,"2024-05-01","2024-05-31",2024,2708,"Total","Admin0","Month","WHO-ALL-2025-Y01-00","AFRO"
"BURKINA FASO",NA,NA,"BURKINA FASO","BFA",42,"BFA",NA,"2025-03-01","2025-03-31",2025,2130,"Total","Admin0","Month","WHO-ALL-2025-Y01-00","AFRO"
"BURKINA FASO",NA,NA,"BURKINA FASO","BFA",42,"BFA",NA,"2024-09-01","2024-09-30",2024,10962,"Total","Admin0","Month","WHO-ALL-2025-Y01-00","AFRO"
"BURKINA FASO",NA,NA,"BURKINA FASO","BFA",42,"BFA",NA,"2024-06-01","2024-06-30",2024,2179,"Total","Admin0","Month","WHO-ALL-2025-Y01-00","AFRO"
"BURKINA FASO",NA,NA,"BURKINA FASO","BFA",42,"BFA",NA,"2025-02-01","2025-02-28",2025,2543,"Total","Admin0","Month","WHO-ALL-2025-Y01-00","AFRO"
"BURKINA FASO",NA,NA,"BURKINA FASO","BFA",42,"BFA",NA,"2024-08-01","2024-08-31",2024,8745,"Total","Admin0","Month","WHO-ALL-2025-Y01-00","AFRO"
"BURKINA FASO",NA,NA,"BURKINA FASO","BFA",42,"BFA",NA,"2024-10-01","2024-10-31",2024,19257,"Total","Admin0","Month","WHO-ALL-2025-Y01-00","AFRO"
"BURKINA FASO",NA,NA,"BURKINA FASO","BFA",42,"BFA",NA,"2024-07-01","2024-07-31",2024,3101,"Total","Admin0","Month","WHO-ALL-2025-Y01-00","AFRO"
"CABO VERDE",NA,NA,"CABO VERDE","CPV",47,"CPV",NA,"2024-01-01","2024-01-31",2024,262,"Total","Admin0","Month","WHO-ALL-2025-Y01-00","AFRO"
"CABO VERDE",NA,NA,"CABO VERDE","CPV",47,"CPV",NA,"2023-12-01","2023-12-31",2023,292,"Total","Admin0","Month","WHO-ALL-2025-Y01-00","AFRO"
"CABO VERDE",NA,NA,"CABO VERDE","CPV",47,"CPV",NA,"2023-11-01","2023-11-30",2023,221,"Total","Admin0","Month","WHO-ALL-2025-Y01-00","AFRO"
"CABO VERDE",NA,NA,"CABO VERDE","CPV",47,"CPV",NA,"2024-02-01","2024-02-29",2024,282,"Total","Admin0","Month","WHO-ALL-2025-Y01-00","AFRO"
"CABO VERDE",NA,NA,"CABO VERDE","CPV",47,"CPV",NA,"2024-09-01","2024-09-30",2024,3889,"Total","Admin0","Month","WHO-ALL-2025-Y01-00","AFRO"
"CABO VERDE",NA,NA,"CABO VERDE","CPV",47,"CPV",NA,"2025-01-01","2025-01-31",2025,340,"Total","Admin0","Month","WHO-ALL-2025-Y01-00","AFRO"
"CABO VERDE",NA,NA,"CABO VERDE","CPV",47,"CPV",NA,"2024-03-01","2024-03-31",2024,120,"Total","Admin0","Month","WHO-ALL-2025-Y01-00","AFRO"
"CABO VERDE",NA,NA,"CABO VERDE","CPV",47,"CPV",NA,"2024-12-01","2024-12-31",2024,813,"Total","Admin0","Month","WHO-ALL-2025-Y01-00","AFRO"
"CABO VERDE",NA,NA,"CABO VERDE","CPV",47,"CPV",NA,"2024-04-01","2024-04-30",2024,93,"Total","Admin0","Month","WHO-ALL-2025-Y01-00","AFRO"
"CABO VERDE",NA,NA,"CABO VERDE","CPV",47,"CPV",NA,"2024-10-01","2024-10-31",2024,10595,"Total","Admin0","Month","WHO-ALL-2025-Y01-00","AFRO"
"CABO VERDE",NA,NA,"CABO VERDE","CPV",47,"CPV",NA,"2024-11-01","2024-11-30",2024,6003,"Total","Admin0","Month","WHO-ALL-2025-Y01-00","AFRO"
"CABO VERDE",NA,NA,"CABO VERDE","CPV",47,"CPV",NA,"2025-02-01","2025-02-28",2025,162,"Total","Admin0","Month","WHO-ALL-2025-Y01-00","AFRO"
"CABO VERDE",NA,NA,"CABO VERDE","CPV",47,"CPV",NA,"2024-08-01","2024-08-31",2024,2320,"Total","Admin0","Month","WHO-ALL-2025-Y01-00","AFRO"
"CABO VERDE",NA,NA,"CABO VERDE","CPV",47,"CPV",NA,"2024-05-01","2024-05-31",2024,152,"Total","Admin0","Month","WHO-ALL-2025-Y01-00","AFRO"
"CABO VERDE",NA,NA,"CABO VERDE","CPV",47,"CPV",NA,"2024-06-01","2024-06-30",2024,277,"Total","Admin0","Month","WHO-ALL-2025-Y01-00","AFRO"
"CABO VERDE",NA,NA,"CABO VERDE","CPV",47,"CPV",NA,"2024-07-01","2024-07-31",2024,484,"Total","Admin0","Month","WHO-ALL-2025-Y01-00","AFRO"
"CABO VERDE",NA,NA,"CABO VERDE","CPV",47,"CPV",NA,"2025-03-01","2025-03-31",2025,27,"Total","Admin0","Month","WHO-ALL-2025-Y01-00","AFRO"
"CAMEROON",NA,NA,"CAMEROON","CMR",45,"CMR",NA,"2025-03-01","2025-03-31",2025,60,"Total","Admin0","Month","WHO-ALL-2025-Y01-00","AFRO"
"CAMEROON",NA,NA,"CAMEROON","CMR",45,"CMR",NA,"2025-02-01","2025-02-28",2025,0,"Total","Admin0","Month","WHO-ALL-2025-Y01-00","AFRO"
"CAMEROON",NA,NA,"CAMEROON","CMR",45,"CMR",NA,"2024-02-01","2024-02-29",2024,55,"Total","Admin0","Month","WHO-ALL-2025-Y01-00","AFRO"
"CAMEROON",NA,NA,"CAMEROON","CMR",45,"CMR",NA,"2025-01-01","2025-01-31",2025,0,"Total","Admin0","Month","WHO-ALL-2025-Y01-00","AFRO"
"CAMEROON",NA,NA,"CAMEROON","CMR",45,"CMR",NA,"2024-04-01","2024-04-30",2024,0,"Total","Admin0","Month","WHO-ALL-2025-Y01-00","AFRO"
"CAMEROON",NA,NA,"CAMEROON","CMR",45,"CMR",NA,"2024-05-01","2024-05-31",2024,0,"Total","Admin0","Month","WHO-ALL-2025-Y01-00","AFRO"
"CAMEROON",NA,NA,"CAMEROON","CMR",45,"CMR",NA,"2024-06-01","2024-06-30",2024,0,"Total","Admin0","Month","WHO-ALL-2025-Y01-00","AFRO"
"CAMEROON",NA,NA,"CAMEROON","CMR",45,"CMR",NA,"2024-03-01","2024-03-31",2024,0,"Total","Admin0","Month","WHO-ALL-2025-Y01-00","AFRO"
"CAMEROON",NA,NA,"CAMEROON","CMR",45,"CMR",NA,"2024-10-01","2024-10-31",2024,0,"Total","Admin0","Month","WHO-ALL-2025-Y01-00","AFRO"
"CAMEROON",NA,NA,"CAMEROON","CMR",45,"CMR",NA,"2024-11-01","2024-11-30",2024,0,"Total","Admin0","Month","WHO-ALL-2025-Y01-00","AFRO"
"CAMEROON",NA,NA,"CAMEROON","CMR",45,"CMR",NA,"2024-12-01","2024-12-31",2024,0,"Total","Admin0","Month","WHO-ALL-2025-Y01-00","AFRO"
"CAMEROON",NA,NA,"CAMEROON","CMR",45,"CMR",NA,"2024-01-01","2024-01-31",2024,2,"Total","Admin0","Month","WHO-ALL-2025-Y01-00","AFRO"
"CAMEROON",NA,NA,"CAMEROON","CMR",45,"CMR",NA,"2024-08-01","2024-08-31",2024,0,"Total","Admin0","Month","WHO-ALL-2025-Y01-00","AFRO"
"CAMEROON",NA,NA,"CAMEROON","CMR",45,"CMR",NA,"2024-09-01","2024-09-30",2024,0,"Total","Admin0","Month","WHO-ALL-2025-Y01-00","AFRO"
"CAMEROON",NA,NA,"CAMEROON","CMR",45,"CMR",NA,"2024-07-01","2024-07-31",2024,0,"Total","Admin0","Month","WHO-ALL-2025-Y01-00","AFRO"
"CENTRAL AFRICAN REPUBLIC",NA,NA,"CENTRAL AFRICAN REPUBLIC","CAF",49,"CAF",NA,"2024-04-01","2024-04-30",2024,0,"Total","Admin0","Month","WHO-ALL-2025-Y01-00","AFRO"
"CENTRAL AFRICAN REPUBLIC",NA,NA,"CENTRAL AFRICAN REPUBLIC","CAF",49,"CAF",NA,"2024-01-01","2024-01-31",2024,0,"Total","Admin0","Month","WHO-ALL-2025-Y01-00","AFRO"
"CENTRAL AFRICAN REPUBLIC",NA,NA,"CENTRAL AFRICAN REPUBLIC","CAF",49,"CAF",NA,"2024-02-01","2024-02-29",2024,0,"Total","Admin0","Month","WHO-ALL-2025-Y01-00","AFRO"
"CENTRAL AFRICAN REPUBLIC",NA,NA,"CENTRAL AFRICAN REPUBLIC","CAF",49,"CAF",NA,"2024-03-01","2024-03-31",2024,0,"Total","Admin0","Month","WHO-ALL-2025-Y01-00","AFRO"
"CENTRAL AFRICAN REPUBLIC",NA,NA,"CENTRAL AFRICAN REPUBLIC","CAF",49,"CAF",NA,"2024-09-01","2024-09-30",2024,207,"Total","Admin0","Month","WHO-ALL-2025-Y01-00","AFRO"
"CENTRAL AFRICAN REPUBLIC",NA,NA,"CENTRAL AFRICAN REPUBLIC","CAF",49,"CAF",NA,"2024-05-01","2024-05-31",2024,0,"Total","Admin0","Month","WHO-ALL-2025-Y01-00","AFRO"
"CENTRAL AFRICAN REPUBLIC",NA,NA,"CENTRAL AFRICAN REPUBLIC","CAF",49,"CAF",NA,"2024-06-01","2024-06-30",2024,0,"Total","Admin0","Month","WHO-ALL-2025-Y01-00","AFRO"
"CHAD",NA,NA,"CHAD","TCD",50,"TCD",NA,"2024-02-01","2024-02-29",2024,0,"Total","Admin0","Month","WHO-ALL-2025-Y01-00","AFRO"
"CHAD",NA,NA,"CHAD","TCD",50,"TCD",NA,"2024-03-01","2024-03-31",2024,0,"Total","Admin0","Month","WHO-ALL-2025-Y01-00","AFRO"
"CHAD",NA,NA,"CHAD","TCD",50,"TCD",NA,"2024-06-01","2024-06-30",2024,0,"Total","Admin0","Month","WHO-ALL-2025-Y01-00","AFRO"
"CHAD",NA,NA,"CHAD","TCD",50,"TCD",NA,"2025-01-01","2025-01-31",2025,11,"Total","Admin0","Month","WHO-ALL-2025-Y01-00","AFRO"
"CHAD",NA,NA,"CHAD","TCD",50,"TCD",NA,"2024-04-01","2024-04-30",2024,0,"Total","Admin0","Month","WHO-ALL-2025-Y01-00","AFRO"
"CHAD",NA,NA,"CHAD","TCD",50,"TCD",NA,"2024-05-01","2024-05-31",2024,0,"Total","Admin0","Month","WHO-ALL-2025-Y01-00","AFRO"
"CHAD",NA,NA,"CHAD","TCD",50,"TCD",NA,"2024-01-01","2024-01-31",2024,0,"Total","Admin0","Month","WHO-ALL-2025-Y01-00","AFRO"
"CHAD",NA,NA,"CHAD","TCD",50,"TCD",NA,"2025-02-01","2025-02-28",2025,0,"Total","Admin0","Month","WHO-ALL-2025-Y01-00","AFRO"
"CHAD",NA,NA,"CHAD","TCD",50,"TCD",NA,"2025-03-01","2025-03-31",2025,0,"Total","Admin0","Month","WHO-ALL-2025-Y01-00","AFRO"
"COTE D'IVOIRE",NA,NA,"COTE D'IVOIRE","CIV",66,"CIV",NA,"2023-01-01","2023-01-31",2023,118,"Total","Admin0","Month","WHO-ALL-2025-Y01-00","AFRO"
"COTE D'IVOIRE",NA,NA,"COTE D'IVOIRE","CIV",66,"CIV",NA,"2023-05-01","2023-05-31",2023,55,"Total","Admin0","Month","WHO-ALL-2025-Y01-00","AFRO"
"COTE D'IVOIRE",NA,NA,"COTE D'IVOIRE","CIV",66,"CIV",NA,"2023-02-01","2023-02-28",2023,91,"Total","Admin0","Month","WHO-ALL-2025-Y01-00","AFRO"
"COTE D'IVOIRE",NA,NA,"COTE D'IVOIRE","CIV",66,"CIV",NA,"2023-03-01","2023-03-31",2023,66,"Total","Admin0","Month","WHO-ALL-2025-Y01-00","AFRO"
"COTE D'IVOIRE",NA,NA,"COTE D'IVOIRE","CIV",66,"CIV",NA,"2023-04-01","2023-04-30",2023,41,"Total","Admin0","Month","WHO-ALL-2025-Y01-00","AFRO"
"COTE D'IVOIRE",NA,NA,"COTE D'IVOIRE","CIV",66,"CIV",NA,"2023-08-01","2023-08-31",2023,1842,"Total","Admin0","Month","WHO-ALL-2025-Y01-00","AFRO"
"COTE D'IVOIRE",NA,NA,"COTE D'IVOIRE","CIV",66,"CIV",NA,"2023-09-01","2023-09-30",2023,550,"Total","Admin0","Month","WHO-ALL-2025-Y01-00","AFRO"
"COTE D'IVOIRE",NA,NA,"COTE D'IVOIRE","CIV",66,"CIV",NA,"2023-10-01","2023-10-31",2023,117,"Total","Admin0","Month","WHO-ALL-2025-Y01-00","AFRO"
"COTE D'IVOIRE",NA,NA,"COTE D'IVOIRE","CIV",66,"CIV",NA,"2023-11-01","2023-11-30",2023,61,"Total","Admin0","Month","WHO-ALL-2025-Y01-00","AFRO"
"COTE D'IVOIRE",NA,NA,"COTE D'IVOIRE","CIV",66,"CIV",NA,"2023-12-01","2023-12-31",2023,19,"Total","Admin0","Month","WHO-ALL-2025-Y01-00","AFRO"
"COTE D'IVOIRE",NA,NA,"COTE D'IVOIRE","CIV",66,"CIV",NA,"2024-01-01","2024-01-31",2024,115,"Total","Admin0","Month","WHO-ALL-2025-Y01-00","AFRO"
"COTE D'IVOIRE",NA,NA,"COTE D'IVOIRE","CIV",66,"CIV",NA,"2024-02-01","2024-02-29",2024,77,"Total","Admin0","Month","WHO-ALL-2025-Y01-00","AFRO"
"COTE D'IVOIRE",NA,NA,"COTE D'IVOIRE","CIV",66,"CIV",NA,"2024-03-01","2024-03-31",2024,42,"Total","Admin0","Month","WHO-ALL-2025-Y01-00","AFRO"
"COTE D'IVOIRE",NA,NA,"COTE D'IVOIRE","CIV",66,"CIV",NA,"2024-04-01","2024-04-30",2024,24,"Total","Admin0","Month","WHO-ALL-2025-Y01-00","AFRO"
"COTE D'IVOIRE",NA,NA,"COTE D'IVOIRE","CIV",66,"CIV",NA,"2024-05-01","2024-05-31",2024,115,"Total","Admin0","Month","WHO-ALL-2025-Y01-00","AFRO"
"COTE D'IVOIRE",NA,NA,"COTE D'IVOIRE","CIV",66,"CIV",NA,"2024-06-01","2024-06-30",2024,1644,"Total","Admin0","Month","WHO-ALL-2025-Y01-00","AFRO"
"COTE D'IVOIRE",NA,NA,"COTE D'IVOIRE","CIV",66,"CIV",NA,"2024-07-01","2024-07-31",2024,2043,"Total","Admin0","Month","WHO-ALL-2025-Y01-00","AFRO"
"COTE D'IVOIRE",NA,NA,"COTE D'IVOIRE","CIV",66,"CIV",NA,"2024-08-01","2024-08-31",2024,1554,"Total","Admin0","Month","WHO-ALL-2025-Y01-00","AFRO"
"COTE D'IVOIRE",NA,NA,"COTE D'IVOIRE","CIV",66,"CIV",NA,"2024-09-01","2024-09-30",2024,308,"Total","Admin0","Month","WHO-ALL-2025-Y01-00","AFRO"
"COTE D'IVOIRE",NA,NA,"COTE D'IVOIRE","CIV",66,"CIV",NA,"2024-10-01","2024-10-31",2024,130,"Total","Admin0","Month","WHO-ALL-2025-Y01-00","AFRO"
"COTE D'IVOIRE",NA,NA,"COTE D'IVOIRE","CIV",66,"CIV",NA,"2024-11-01","2024-11-30",2024,62,"Total","Admin0","Month","WHO-ALL-2025-Y01-00","AFRO"
"COTE D'IVOIRE",NA,NA,"COTE D'IVOIRE","CIV",66,"CIV",NA,"2024-12-01","2024-12-31",2024,20,"Total","Admin0","Month","WHO-ALL-2025-Y01-00","AFRO"
"COTE D'IVOIRE",NA,NA,"COTE D'IVOIRE","CIV",66,"CIV",NA,"2023-06-01","2023-06-30",2023,121,"Total","Admin0","Month","WHO-ALL-2025-Y01-00","AFRO"
"COTE D'IVOIRE",NA,NA,"COTE D'IVOIRE","CIV",66,"CIV",NA,"2025-01-01","2025-01-31",2025,23,"Total","Admin0","Month","WHO-ALL-2025-Y01-00","AFRO"
"COTE D'IVOIRE",NA,NA,"COTE D'IVOIRE","CIV",66,"CIV",NA,"2025-02-01","2025-02-28",2025,5,"Total","Admin0","Month","WHO-ALL-2025-Y01-00","AFRO"
"COTE D'IVOIRE",NA,NA,"COTE D'IVOIRE","CIV",66,"CIV",NA,"2025-03-01","2025-03-31",2025,15,"Total","Admin0","Month","WHO-ALL-2025-Y01-00","AFRO"
"COTE D'IVOIRE",NA,NA,"COTE D'IVOIRE","CIV",66,"CIV",NA,"2023-07-01","2023-07-31",2023,841,"Total","Admin0","Month","WHO-ALL-2025-Y01-00","AFRO"
"ERITREA",NA,NA,"ERITREA","ERI",77,"ERI",NA,"2024-04-01","2024-04-30",2024,972,"Total","Admin0","Month","WHO-ALL-2025-Y01-00","AFRO"
"ERITREA",NA,NA,"ERITREA","ERI",77,"ERI",NA,"2024-01-01","2024-01-31",2024,2583,"Total","Admin0","Month","WHO-ALL-2025-Y01-00","AFRO"
"ERITREA",NA,NA,"ERITREA","ERI",77,"ERI",NA,"2024-02-01","2024-02-29",2024,2186,"Total","Admin0","Month","WHO-ALL-2025-Y01-00","AFRO"
"ERITREA",NA,NA,"ERITREA","ERI",77,"ERI",NA,"2024-03-01","2024-03-31",2024,1463,"Total","Admin0","Month","WHO-ALL-2025-Y01-00","AFRO"
"ERITREA",NA,NA,"ERITREA","ERI",77,"ERI",NA,"2024-08-01","2024-08-31",2024,1421,"Total","Admin0","Month","WHO-ALL-2025-Y01-00","AFRO"
"ERITREA",NA,NA,"ERITREA","ERI",77,"ERI",NA,"2024-05-01","2024-05-31",2024,568,"Total","Admin0","Month","WHO-ALL-2025-Y01-00","AFRO"
"ERITREA",NA,NA,"ERITREA","ERI",77,"ERI",NA,"2024-06-01","2024-06-30",2024,734,"Total","Admin0","Month","WHO-ALL-2025-Y01-00","AFRO"
"ERITREA",NA,NA,"ERITREA","ERI",77,"ERI",NA,"2024-07-01","2024-07-31",2024,928,"Total","Admin0","Month","WHO-ALL-2025-Y01-00","AFRO"
"ERITREA",NA,NA,"ERITREA","ERI",77,"ERI",NA,"2024-12-01","2024-12-31",2024,8,"Total","Admin0","Month","WHO-ALL-2025-Y01-00","AFRO"
"ERITREA",NA,NA,"ERITREA","ERI",77,"ERI",NA,"2025-02-01","2025-02-28",2025,18,"Total","Admin0","Month","WHO-ALL-2025-Y01-00","AFRO"
"ERITREA",NA,NA,"ERITREA","ERI",77,"ERI",NA,"2024-09-01","2024-09-30",2024,1867,"Total","Admin0","Month","WHO-ALL-2025-Y01-00","AFRO"
"ERITREA",NA,NA,"ERITREA","ERI",77,"ERI",NA,"2024-10-01","2024-10-31",2024,1409,"Total","Admin0","Month","WHO-ALL-2025-Y01-00","AFRO"
"ERITREA",NA,NA,"ERITREA","ERI",77,"ERI",NA,"2024-11-01","2024-11-30",2024,540,"Total","Admin0","Month","WHO-ALL-2025-Y01-00","AFRO"
"ETHIOPIA",NA,NA,"ETHIOPIA","ETH",79,"ETH",NA,"2023-07-01","2023-07-31",2023,1176,"Total","Admin0","Month","WHO-ALL-2025-Y01-00","AFRO"
"ETHIOPIA",NA,NA,"ETHIOPIA","ETH",79,"ETH",NA,"2023-04-01","2023-04-30",2023,1379,"Total","Admin0","Month","WHO-ALL-2025-Y01-00","AFRO"
"ETHIOPIA",NA,NA,"ETHIOPIA","ETH",79,"ETH",NA,"2023-05-01","2023-05-31",2023,2721,"Total","Admin0","Month","WHO-ALL-2025-Y01-00","AFRO"
"ETHIOPIA",NA,NA,"ETHIOPIA","ETH",79,"ETH",NA,"2023-06-01","2023-06-30",2023,4155,"Total","Admin0","Month","WHO-ALL-2025-Y01-00","AFRO"
"ETHIOPIA",NA,NA,"ETHIOPIA","ETH",79,"ETH",NA,"2024-12-01","2024-12-31",2024,242,"Total","Admin0","Month","WHO-ALL-2025-Y01-00","AFRO"
"ETHIOPIA",NA,NA,"ETHIOPIA","ETH",79,"ETH",NA,"2024-09-01","2024-09-30",2024,229,"Total","Admin0","Month","WHO-ALL-2025-Y01-00","AFRO"
"ETHIOPIA",NA,NA,"ETHIOPIA","ETH",79,"ETH",NA,"2024-10-01","2024-10-31",2024,490,"Total","Admin0","Month","WHO-ALL-2025-Y01-00","AFRO"
"ETHIOPIA",NA,NA,"ETHIOPIA","ETH",79,"ETH",NA,"2024-11-01","2024-11-30",2024,263,"Total","Admin0","Month","WHO-ALL-2025-Y01-00","AFRO"
"ETHIOPIA",NA,NA,"ETHIOPIA","ETH",79,"ETH",NA,"2024-02-01","2024-02-29",2024,168,"Total","Admin0","Month","WHO-ALL-2025-Y01-00","AFRO"
"ETHIOPIA",NA,NA,"ETHIOPIA","ETH",79,"ETH",NA,"2024-03-01","2024-03-31",2024,150,"Total","Admin0","Month","WHO-ALL-2025-Y01-00","AFRO"
"ETHIOPIA",NA,NA,"ETHIOPIA","ETH",79,"ETH",NA,"2024-04-01","2024-04-30",2024,128,"Total","Admin0","Month","WHO-ALL-2025-Y01-00","AFRO"
"ETHIOPIA",NA,NA,"ETHIOPIA","ETH",79,"ETH",NA,"2025-02-01","2025-02-28",2025,114,"Total","Admin0","Month","WHO-ALL-2025-Y01-00","AFRO"
"ETHIOPIA",NA,NA,"ETHIOPIA","ETH",79,"ETH",NA,"2025-03-01","2025-03-31",2025,140,"Total","Admin0","Month","WHO-ALL-2025-Y01-00","AFRO"
"ETHIOPIA",NA,NA,"ETHIOPIA","ETH",79,"ETH",NA,"2024-07-01","2024-07-31",2024,170,"Total","Admin0","Month","WHO-ALL-2025-Y01-00","AFRO"
"ETHIOPIA",NA,NA,"ETHIOPIA","ETH",79,"ETH",NA,"2024-08-01","2024-08-31",2024,222,"Total","Admin0","Month","WHO-ALL-2025-Y01-00","AFRO"
"ETHIOPIA",NA,NA,"ETHIOPIA","ETH",79,"ETH",NA,"2023-08-01","2023-08-31",2023,789,"Total","Admin0","Month","WHO-ALL-2025-Y01-00","AFRO"
"ETHIOPIA",NA,NA,"ETHIOPIA","ETH",79,"ETH",NA,"2023-09-01","2023-09-30",2023,640,"Total","Admin0","Month","WHO-ALL-2025-Y01-00","AFRO"
"ETHIOPIA",NA,NA,"ETHIOPIA","ETH",79,"ETH",NA,"2023-10-01","2023-10-31",2023,7264,"Total","Admin0","Month","WHO-ALL-2025-Y01-00","AFRO"
"ETHIOPIA",NA,NA,"ETHIOPIA","ETH",79,"ETH",NA,"2023-11-01","2023-11-30",2023,5982,"Total","Admin0","Month","WHO-ALL-2025-Y01-00","AFRO"
"ETHIOPIA",NA,NA,"ETHIOPIA","ETH",79,"ETH",NA,"2023-12-01","2023-12-31",2023,1833,"Total","Admin0","Month","WHO-ALL-2025-Y01-00","AFRO"
"ETHIOPIA",NA,NA,"ETHIOPIA","ETH",79,"ETH",NA,"2024-01-01","2024-01-31",2024,505,"Total","Admin0","Month","WHO-ALL-2025-Y01-00","AFRO"
"ETHIOPIA",NA,NA,"ETHIOPIA","ETH",79,"ETH",NA,"2024-06-01","2024-06-30",2024,630,"Total","Admin0","Month","WHO-ALL-2025-Y01-00","AFRO"
"ETHIOPIA",NA,NA,"ETHIOPIA","ETH",79,"ETH",NA,"2024-05-01","2024-05-31",2024,819,"Total","Admin0","Month","WHO-ALL-2025-Y01-00","AFRO"
"GHANA",NA,NA,"GHANA","GHA",94,"GHA",NA,"2024-10-01","2024-10-31",2024,21,"Total","Admin0","Month","WHO-ALL-2025-Y01-00","AFRO"
"GHANA",NA,NA,"GHANA","GHA",94,"GHA",NA,"2025-03-01","2025-03-31",2025,0,"Total","Admin0","Month","WHO-ALL-2025-Y01-00","AFRO"
"GHANA",NA,NA,"GHANA","GHA",94,"GHA",NA,"2024-02-01","2024-02-29",2024,0,"Total","Admin0","Month","WHO-ALL-2025-Y01-00","AFRO"
"GHANA",NA,NA,"GHANA","GHA",94,"GHA",NA,"2024-03-01","2024-03-31",2024,0,"Total","Admin0","Month","WHO-ALL-2025-Y01-00","AFRO"
"GHANA",NA,NA,"GHANA","GHA",94,"GHA",NA,"2024-04-01","2024-04-30",2024,0,"Total","Admin0","Month","WHO-ALL-2025-Y01-00","AFRO"
"GHANA",NA,NA,"GHANA","GHA",94,"GHA",NA,"2024-05-01","2024-05-31",2024,0,"Total","Admin0","Month","WHO-ALL-2025-Y01-00","AFRO"
"GHANA",NA,NA,"GHANA","GHA",94,"GHA",NA,"2024-06-01","2024-06-30",2024,0,"Total","Admin0","Month","WHO-ALL-2025-Y01-00","AFRO"
"GHANA",NA,NA,"GHANA","GHA",94,"GHA",NA,"2024-07-01","2024-07-31",2024,932,"Total","Admin0","Month","WHO-ALL-2025-Y01-00","AFRO"
"GHANA",NA,NA,"GHANA","GHA",94,"GHA",NA,"2024-08-01","2024-08-31",2024,190,"Total","Admin0","Month","WHO-ALL-2025-Y01-00","AFRO"
"GHANA",NA,NA,"GHANA","GHA",94,"GHA",NA,"2024-09-01","2024-09-30",2024,10,"Total","Admin0","Month","WHO-ALL-2025-Y01-00","AFRO"
"GHANA",NA,NA,"GHANA","GHA",94,"GHA",NA,"2024-11-01","2024-11-30",2024,1,"Total","Admin0","Month","WHO-ALL-2025-Y01-00","AFRO"
"GHANA",NA,NA,"GHANA","GHA",94,"GHA",NA,"2024-12-01","2024-12-31",2024,8,"Total","Admin0","Month","WHO-ALL-2025-Y01-00","AFRO"
"GHANA",NA,NA,"GHANA","GHA",94,"GHA",NA,"2025-01-01","2025-01-31",2025,0,"Total","Admin0","Month","WHO-ALL-2025-Y01-00","AFRO"
"GHANA",NA,NA,"GHANA","GHA",94,"GHA",NA,"2025-02-01","2025-02-28",2025,2,"Total","Admin0","Month","WHO-ALL-2025-Y01-00","AFRO"
"GHANA",NA,NA,"GHANA","GHA",94,"GHA",NA,"2024-01-01","2024-01-31",2024,1,"Total","Admin0","Month","WHO-ALL-2025-Y01-00","AFRO"
"GUINEA",NA,NA,"GUINEA","GIN",106,"GIN",NA,"2024-02-01","2024-02-29",2024,0,"Total","Admin0","Month","WHO-ALL-2025-Y01-00","AFRO"
"GUINEA",NA,NA,"GUINEA","GIN",106,"GIN",NA,"2024-03-01","2024-03-31",2024,0,"Total","Admin0","Month","WHO-ALL-2025-Y01-00","AFRO"
"GUINEA",NA,NA,"GUINEA","GIN",106,"GIN",NA,"2024-05-01","2024-05-31",2024,0,"Total","Admin0","Month","WHO-ALL-2025-Y01-00","AFRO"
"GUINEA",NA,NA,"GUINEA","GIN",106,"GIN",NA,"2024-06-01","2024-06-30",2024,0,"Total","Admin0","Month","WHO-ALL-2025-Y01-00","AFRO"
"GUINEA",NA,NA,"GUINEA","GIN",106,"GIN",NA,"2024-04-01","2024-04-30",2024,0,"Total","Admin0","Month","WHO-ALL-2025-Y01-00","AFRO"
"GUINEA",NA,NA,"GUINEA","GIN",106,"GIN",NA,"2024-01-01","2024-01-31",2024,0,"Total","Admin0","Month","WHO-ALL-2025-Y01-00","AFRO"
"GUINEA",NA,NA,"GUINEA","GIN",106,"GIN",NA,"2024-07-01","2024-07-31",2024,2,"Total","Admin0","Month","WHO-ALL-2025-Y01-00","AFRO"
"KENYA",NA,NA,"KENYA","KEN",133,"KEN",NA,"2024-01-01","2024-01-31",2024,0,"Total","Admin0","Month","WHO-ALL-2025-Y01-00","AFRO"
"KENYA",NA,NA,"KENYA","KEN",133,"KEN",NA,"2024-05-01","2024-05-31",2024,149,"Total","Admin0","Month","WHO-ALL-2025-Y01-00","AFRO"
"KENYA",NA,NA,"KENYA","KEN",133,"KEN",NA,"2024-06-01","2024-06-30",2024,291,"Total","Admin0","Month","WHO-ALL-2025-Y01-00","AFRO"
"KENYA",NA,NA,"KENYA","KEN",133,"KEN",NA,"2024-07-01","2024-07-31",2024,369,"Total","Admin0","Month","WHO-ALL-2025-Y01-00","AFRO"
"KENYA",NA,NA,"KENYA","KEN",133,"KEN",NA,"2024-08-01","2024-08-31",2024,631,"Total","Admin0","Month","WHO-ALL-2025-Y01-00","AFRO"
"KENYA",NA,NA,"KENYA","KEN",133,"KEN",NA,"2024-09-01","2024-09-30",2024,738,"Total","Admin0","Month","WHO-ALL-2025-Y01-00","AFRO"
"KENYA",NA,NA,"KENYA","KEN",133,"KEN",NA,"2024-10-01","2024-10-31",2024,705,"Total","Admin0","Month","WHO-ALL-2025-Y01-00","AFRO"
"KENYA",NA,NA,"KENYA","KEN",133,"KEN",NA,"2024-02-01","2024-02-29",2024,0,"Total","Admin0","Month","WHO-ALL-2025-Y01-00","AFRO"
"KENYA",NA,NA,"KENYA","KEN",133,"KEN",NA,"2024-11-01","2024-11-30",2024,856,"Total","Admin0","Month","WHO-ALL-2025-Y01-00","AFRO"
"KENYA",NA,NA,"KENYA","KEN",133,"KEN",NA,"2024-12-01","2024-12-31",2024,704,"Total","Admin0","Month","WHO-ALL-2025-Y01-00","AFRO"
"KENYA",NA,NA,"KENYA","KEN",133,"KEN",NA,"2025-01-01","2025-01-31",2025,855,"Total","Admin0","Month","WHO-ALL-2025-Y01-00","AFRO"
"KENYA",NA,NA,"KENYA","KEN",133,"KEN",NA,"2024-03-01","2024-03-31",2024,0,"Total","Admin0","Month","WHO-ALL-2025-Y01-00","AFRO"
"KENYA",NA,NA,"KENYA","KEN",133,"KEN",NA,"2024-04-01","2024-04-30",2024,0,"Total","Admin0","Month","WHO-ALL-2025-Y01-00","AFRO"
"KENYA",NA,NA,"KENYA","KEN",133,"KEN",NA,"2025-02-01","2025-02-28",2025,673,"Total","Admin0","Month","WHO-ALL-2025-Y01-00","AFRO"
"MALI",NA,NA,"MALI","MLI",155,"MLI",NA,"2024-01-01","2024-01-31",2024,576,"Total","Admin0","Month","WHO-ALL-2025-Y01-00","AFRO"
"MALI",NA,NA,"MALI","MLI",155,"MLI",NA,"2024-05-01","2024-05-31",2024,1423,"Total","Admin0","Month","WHO-ALL-2025-Y01-00","AFRO"
"MALI",NA,NA,"MALI","MLI",155,"MLI",NA,"2024-06-01","2024-06-30",2024,216,"Total","Admin0","Month","WHO-ALL-2025-Y01-00","AFRO"
"MALI",NA,NA,"MALI","MLI",155,"MLI",NA,"2024-07-01","2024-07-31",2024,421,"Total","Admin0","Month","WHO-ALL-2025-Y01-00","AFRO"
"MALI",NA,NA,"MALI","MLI",155,"MLI",NA,"2024-08-01","2024-08-31",2024,231,"Total","Admin0","Month","WHO-ALL-2025-Y01-00","AFRO"
"MALI",NA,NA,"MALI","MLI",155,"MLI",NA,"2024-11-01","2024-11-30",2024,1772,"Total","Admin0","Month","WHO-ALL-2025-Y01-00","AFRO"
"MALI",NA,NA,"MALI","MLI",155,"MLI",NA,"2024-12-01","2024-12-31",2024,632,"Total","Admin0","Month","WHO-ALL-2025-Y01-00","AFRO"
"MALI",NA,NA,"MALI","MLI",155,"MLI",NA,"2024-09-01","2024-09-30",2024,478,"Total","Admin0","Month","WHO-ALL-2025-Y01-00","AFRO"
"MALI",NA,NA,"MALI","MLI",155,"MLI",NA,"2024-10-01","2024-10-31",2024,1024,"Total","Admin0","Month","WHO-ALL-2025-Y01-00","AFRO"
"MALI",NA,NA,"MALI","MLI",155,"MLI",NA,"2024-04-01","2024-04-30",2024,594,"Total","Admin0","Month","WHO-ALL-2025-Y01-00","AFRO"
"MALI",NA,NA,"MALI","MLI",155,"MLI",NA,"2025-03-01","2025-03-31",2025,332,"Total","Admin0","Month","WHO-ALL-2025-Y01-00","AFRO"
"MALI",NA,NA,"MALI","MLI",155,"MLI",NA,"2024-02-01","2024-02-29",2024,1067,"Total","Admin0","Month","WHO-ALL-2025-Y01-00","AFRO"
"MALI",NA,NA,"MALI","MLI",155,"MLI",NA,"2024-03-01","2024-03-31",2024,1122,"Total","Admin0","Month","WHO-ALL-2025-Y01-00","AFRO"
"MALI",NA,NA,"MALI","MLI",155,"MLI",NA,"2025-02-01","2025-02-28",2025,453,"Total","Admin0","Month","WHO-ALL-2025-Y01-00","AFRO"
"MALI",NA,NA,"MALI","MLI",155,"MLI",NA,"2025-01-01","2025-01-31",2025,511,"Total","Admin0","Month","WHO-ALL-2025-Y01-00","AFRO"
"MAURITANIA",NA,NA,"MAURITANIA","MRT",159,"MRT",NA,"2023-01-01","2023-01-31",2023,702,"Total","Admin0","Month","WHO-ALL-2025-Y01-00","AFRO"
"MAURITANIA",NA,NA,"MAURITANIA","MRT",159,"MRT",NA,"2023-05-01","2023-05-31",2023,295,"Total","Admin0","Month","WHO-ALL-2025-Y01-00","AFRO"
"MAURITANIA",NA,NA,"MAURITANIA","MRT",159,"MRT",NA,"2023-06-01","2023-06-30",2023,120,"Total","Admin0","Month","WHO-ALL-2025-Y01-00","AFRO"
"MAURITANIA",NA,NA,"MAURITANIA","MRT",159,"MRT",NA,"2023-07-01","2023-07-31",2023,138,"Total","Admin0","Month","WHO-ALL-2025-Y01-00","AFRO"
"MAURITANIA",NA,NA,"MAURITANIA","MRT",159,"MRT",NA,"2024-09-01","2024-09-30",2024,489,"Total","Admin0","Month","WHO-ALL-2025-Y01-00","AFRO"
"MAURITANIA",NA,NA,"MAURITANIA","MRT",159,"MRT",NA,"2024-10-01","2024-10-31",2024,583,"Total","Admin0","Month","WHO-ALL-2025-Y01-00","AFRO"
"MAURITANIA",NA,NA,"MAURITANIA","MRT",159,"MRT",NA,"2024-11-01","2024-11-30",2024,170,"Total","Admin0","Month","WHO-ALL-2025-Y01-00","AFRO"
"MAURITANIA",NA,NA,"MAURITANIA","MRT",159,"MRT",NA,"2024-12-01","2024-12-31",2024,81,"Total","Admin0","Month","WHO-ALL-2025-Y01-00","AFRO"
"MAURITANIA",NA,NA,"MAURITANIA","MRT",159,"MRT",NA,"2025-01-01","2025-01-31",2025,102,"Total","Admin0","Month","WHO-ALL-2025-Y01-00","AFRO"
"MAURITANIA",NA,NA,"MAURITANIA","MRT",159,"MRT",NA,"2025-02-01","2025-02-28",2025,66,"Total","Admin0","Month","WHO-ALL-2025-Y01-00","AFRO"
"MAURITANIA",NA,NA,"MAURITANIA","MRT",159,"MRT",NA,"2025-03-01","2025-03-31",2025,35,"Total","Admin0","Month","WHO-ALL-2025-Y01-00","AFRO"
"MAURITANIA",NA,NA,"MAURITANIA","MRT",159,"MRT",NA,"2023-02-01","2023-02-28",2023,285,"Total","Admin0","Month","WHO-ALL-2025-Y01-00","AFRO"
"MAURITANIA",NA,NA,"MAURITANIA","MRT",159,"MRT",NA,"2023-03-01","2023-03-31",2023,324,"Total","Admin0","Month","WHO-ALL-2025-Y01-00","AFRO"
"MAURITANIA",NA,NA,"MAURITANIA","MRT",159,"MRT",NA,"2023-04-01","2023-04-30",2023,323,"Total","Admin0","Month","WHO-ALL-2025-Y01-00","AFRO"
"MAURITANIA",NA,NA,"MAURITANIA","MRT",159,"MRT",NA,"2024-04-01","2024-04-30",2024,221,"Total","Admin0","Month","WHO-ALL-2025-Y01-00","AFRO"
"MAURITANIA",NA,NA,"MAURITANIA","MRT",159,"MRT",NA,"2024-05-01","2024-05-31",2024,135,"Total","Admin0","Month","WHO-ALL-2025-Y01-00","AFRO"
"MAURITANIA",NA,NA,"MAURITANIA","MRT",159,"MRT",NA,"2024-06-01","2024-06-30",2024,326,"Total","Admin0","Month","WHO-ALL-2025-Y01-00","AFRO"
"MAURITANIA",NA,NA,"MAURITANIA","MRT",159,"MRT",NA,"2024-07-01","2024-07-31",2024,90,"Total","Admin0","Month","WHO-ALL-2025-Y01-00","AFRO"
"MAURITANIA",NA,NA,"MAURITANIA","MRT",159,"MRT",NA,"2024-08-01","2024-08-31",2024,382,"Total","Admin0","Month","WHO-ALL-2025-Y01-00","AFRO"
"MAURITANIA",NA,NA,"MAURITANIA","MRT",159,"MRT",NA,"2023-08-01","2023-08-31",2023,164,"Total","Admin0","Month","WHO-ALL-2025-Y01-00","AFRO"
"MAURITANIA",NA,NA,"MAURITANIA","MRT",159,"MRT",NA,"2023-09-01","2023-09-30",2023,279,"Total","Admin0","Month","WHO-ALL-2025-Y01-00","AFRO"
"MAURITANIA",NA,NA,"MAURITANIA","MRT",159,"MRT",NA,"2023-10-01","2023-10-31",2023,383,"Total","Admin0","Month","WHO-ALL-2025-Y01-00","AFRO"
"MAURITANIA",NA,NA,"MAURITANIA","MRT",159,"MRT",NA,"2023-11-01","2023-11-30",2023,407,"Total","Admin0","Month","WHO-ALL-2025-Y01-00","AFRO"
"MAURITANIA",NA,NA,"MAURITANIA","MRT",159,"MRT",NA,"2023-12-01","2023-12-31",2023,162,"Total","Admin0","Month","WHO-ALL-2025-Y01-00","AFRO"
"MAURITANIA",NA,NA,"MAURITANIA","MRT",159,"MRT",NA,"2024-01-01","2024-01-31",2024,513,"Total","Admin0","Month","WHO-ALL-2025-Y01-00","AFRO"
"MAURITANIA",NA,NA,"MAURITANIA","MRT",159,"MRT",NA,"2024-02-01","2024-02-29",2024,407,"Total","Admin0","Month","WHO-ALL-2025-Y01-00","AFRO"
"MAURITANIA",NA,NA,"MAURITANIA","MRT",159,"MRT",NA,"2024-03-01","2024-03-31",2024,243,"Total","Admin0","Month","WHO-ALL-2025-Y01-00","AFRO"
"MAURITIUS",NA,NA,"MAURITIUS","MUS",160,"MUS",NA,"2024-03-01","2024-03-31",2024,2067,"Total","Admin0","Month","WHO-ALL-2025-Y01-00","AFRO"
"MAURITIUS",NA,NA,"MAURITIUS","MUS",160,"MUS",NA,"2024-04-01","2024-04-30",2024,1633,"Total","Admin0","Month","WHO-ALL-2025-Y01-00","AFRO"
"MAURITIUS",NA,NA,"MAURITIUS","MUS",160,"MUS",NA,"2024-05-01","2024-05-31",2024,1640,"Total","Admin0","Month","WHO-ALL-2025-Y01-00","AFRO"
"MAURITIUS",NA,NA,"MAURITIUS","MUS",160,"MUS",NA,"2024-06-01","2024-06-30",2024,314,"Total","Admin0","Month","WHO-ALL-2025-Y01-00","AFRO"
"MAURITIUS",NA,NA,"MAURITIUS","MUS",160,"MUS",NA,"2024-07-01","2024-07-31",2024,193,"Total","Admin0","Month","WHO-ALL-2025-Y01-00","AFRO"
"MAURITIUS",NA,NA,"MAURITIUS","MUS",160,"MUS",NA,"2024-08-01","2024-08-31",2024,105,"Total","Admin0","Month","WHO-ALL-2025-Y01-00","AFRO"
"MAURITIUS",NA,NA,"MAURITIUS","MUS",160,"MUS",NA,"2024-09-01","2024-09-30",2024,207,"Total","Admin0","Month","WHO-ALL-2025-Y01-00","AFRO"
"MAURITIUS",NA,NA,"MAURITIUS","MUS",160,"MUS",NA,"2024-10-01","2024-10-31",2024,144,"Total","Admin0","Month","WHO-ALL-2025-Y01-00","AFRO"
"MAURITIUS",NA,NA,"MAURITIUS","MUS",160,"MUS",NA,"2024-11-01","2024-11-30",2024,79,"Total","Admin0","Month","WHO-ALL-2025-Y01-00","AFRO"
"MAURITIUS",NA,NA,"MAURITIUS","MUS",160,"MUS",NA,"2024-12-01","2024-12-31",2024,65,"Total","Admin0","Month","WHO-ALL-2025-Y01-00","AFRO"
"MAURITIUS",NA,NA,"MAURITIUS","MUS",160,"MUS",NA,"2025-01-01","2025-01-31",2025,79,"Total","Admin0","Month","WHO-ALL-2025-Y01-00","AFRO"
"MAURITIUS",NA,NA,"MAURITIUS","MUS",160,"MUS",NA,"2025-02-01","2025-02-28",2025,32,"Total","Admin0","Month","WHO-ALL-2025-Y01-00","AFRO"
"MAURITIUS",NA,NA,"MAURITIUS","MUS",160,"MUS",NA,"2025-03-01","2025-03-31",2025,145,"Total","Admin0","Month","WHO-ALL-2025-Y01-00","AFRO"
"MAURITIUS",NA,NA,"MAURITIUS","MUS",160,"MUS",NA,"2024-02-01","2024-02-29",2024,3239,"Total","Admin0","Month","WHO-ALL-2025-Y01-00","AFRO"
"MAURITIUS",NA,NA,"MAURITIUS","MUS",160,"MUS",NA,"2023-12-01","2023-12-31",2023,13,"Total","Admin0","Month","WHO-ALL-2025-Y01-00","AFRO"
"MAURITIUS",NA,NA,"MAURITIUS","MUS",160,"MUS",NA,"2024-01-01","2024-01-31",2024,231,"Total","Admin0","Month","WHO-ALL-2025-Y01-00","AFRO"
"MAYOTTE",NA,NA,"MAYOTTE","MYT",161,"FRA",NA,"2024-02-01","2024-02-29",2024,0,"Total","Admin0","Month","WHO-ALL-2025-Y01-00","AFRO"
"MAYOTTE",NA,NA,"MAYOTTE","MYT",161,"FRA",NA,"2024-03-01","2024-03-31",2024,1,"Total","Admin0","Month","WHO-ALL-2025-Y01-00","AFRO"
"MAYOTTE",NA,NA,"MAYOTTE","MYT",161,"FRA",NA,"2024-09-01","2024-09-30",2024,0,"Total","Admin0","Month","WHO-ALL-2025-Y01-00","AFRO"
"MAYOTTE",NA,NA,"MAYOTTE","MYT",161,"FRA",NA,"2024-06-01","2024-06-30",2024,13,"Total","Admin0","Month","WHO-ALL-2025-Y01-00","AFRO"
"MAYOTTE",NA,NA,"MAYOTTE","MYT",161,"FRA",NA,"2024-04-01","2024-04-30",2024,22,"Total","Admin0","Month","WHO-ALL-2025-Y01-00","AFRO"
"MAYOTTE",NA,NA,"MAYOTTE","MYT",161,"FRA",NA,"2024-05-01","2024-05-31",2024,21,"Total","Admin0","Month","WHO-ALL-2025-Y01-00","AFRO"
"MAYOTTE",NA,NA,"MAYOTTE","MYT",161,"FRA",NA,"2024-01-01","2024-01-31",2024,0,"Total","Admin0","Month","WHO-ALL-2025-Y01-00","AFRO"
"MAYOTTE",NA,NA,"MAYOTTE","MYT",161,"FRA",NA,"2024-10-01","2024-10-31",2024,0,"Total","Admin0","Month","WHO-ALL-2025-Y01-00","AFRO"
"MAYOTTE",NA,NA,"MAYOTTE","MYT",161,"FRA",NA,"2024-07-01","2024-07-31",2024,4,"Total","Admin0","Month","WHO-ALL-2025-Y01-00","AFRO"
"MAYOTTE",NA,NA,"MAYOTTE","MYT",161,"FRA",NA,"2024-08-01","2024-08-31",2024,3,"Total","Admin0","Month","WHO-ALL-2025-Y01-00","AFRO"
"NIGER",NA,NA,"NIGER","NER",181,"NER",NA,"2024-01-01","2024-01-31",2024,13,"Total","Admin0","Month","WHO-ALL-2025-Y01-00","AFRO"
"NIGER",NA,NA,"NIGER","NER",181,"NER",NA,"2024-02-01","2024-02-29",2024,12,"Total","Admin0","Month","WHO-ALL-2025-Y01-00","AFRO"
"NIGER",NA,NA,"NIGER","NER",181,"NER",NA,"2024-03-01","2024-03-31",2024,31,"Total","Admin0","Month","WHO-ALL-2025-Y01-00","AFRO"
"NIGER",NA,NA,"NIGER","NER",181,"NER",NA,"2024-04-01","2024-04-30",2024,0,"Total","Admin0","Month","WHO-ALL-2025-Y01-00","AFRO"
"NIGER",NA,NA,"NIGER","NER",181,"NER",NA,"2024-05-01","2024-05-31",2024,0,"Total","Admin0","Month","WHO-ALL-2025-Y01-00","AFRO"
"NIGER",NA,NA,"NIGER","NER",181,"NER",NA,"2024-06-01","2024-06-30",2024,0,"Total","Admin0","Month","WHO-ALL-2025-Y01-00","AFRO"
"NIGER",NA,NA,"NIGER","NER",181,"NER",NA,"2024-07-01","2024-07-31",2024,0,"Total","Admin0","Month","WHO-ALL-2025-Y01-00","AFRO"
"NIGER",NA,NA,"NIGER","NER",181,"NER",NA,"2024-08-01","2024-08-31",2024,0,"Total","Admin0","Month","WHO-ALL-2025-Y01-00","AFRO"
"NIGER",NA,NA,"NIGER","NER",181,"NER",NA,"2024-09-01","2024-09-30",2024,0,"Total","Admin0","Month","WHO-ALL-2025-Y01-00","AFRO"
"NIGER",NA,NA,"NIGER","NER",181,"NER",NA,"2024-10-01","2024-10-31",2024,2,"Total","Admin0","Month","WHO-ALL-2025-Y01-00","AFRO"
"NIGER",NA,NA,"NIGER","NER",181,"NER",NA,"2024-11-01","2024-11-30",2024,0,"Total","Admin0","Month","WHO-ALL-2025-Y01-00","AFRO"
"NIGER",NA,NA,"NIGER","NER",181,"NER",NA,"2024-12-01","2024-12-31",2024,0,"Total","Admin0","Month","WHO-ALL-2025-Y01-00","AFRO"
"NIGER",NA,NA,"NIGER","NER",181,"NER",NA,"2025-01-01","2025-01-31",2025,0,"Total","Admin0","Month","WHO-ALL-2025-Y01-00","AFRO"
"NIGER",NA,NA,"NIGER","NER",181,"NER",NA,"2025-02-01","2025-02-28",2025,0,"Total","Admin0","Month","WHO-ALL-2025-Y01-00","AFRO"
"NIGER",NA,NA,"NIGER","NER",181,"NER",NA,"2025-03-01","2025-03-31",2025,0,"Total","Admin0","Month","WHO-ALL-2025-Y01-00","AFRO"
"REUNION",NA,NA,"REUNION","REU",206,"FRA",NA,"2024-01-01","2024-01-31",2024,36,"Total","Admin0","Month","WHO-ALL-2025-Y01-00","AFRO"
"REUNION",NA,NA,"REUNION","REU",206,"FRA",NA,"2024-02-01","2024-02-29",2024,18,"Total","Admin0","Month","WHO-ALL-2025-Y01-00","AFRO"
"REUNION",NA,NA,"REUNION","REU",206,"FRA",NA,"2024-03-01","2024-03-31",2024,441,"Total","Admin0","Month","WHO-ALL-2025-Y01-00","AFRO"
"REUNION",NA,NA,"REUNION","REU",206,"FRA",NA,"2024-04-01","2024-04-30",2024,322,"Total","Admin0","Month","WHO-ALL-2025-Y01-00","AFRO"
"REUNION",NA,NA,"REUNION","REU",206,"FRA",NA,"2024-05-01","2024-05-31",2024,299,"Total","Admin0","Month","WHO-ALL-2025-Y01-00","AFRO"
"REUNION",NA,NA,"REUNION","REU",206,"FRA",NA,"2024-06-01","2024-06-30",2024,111,"Total","Admin0","Month","WHO-ALL-2025-Y01-00","AFRO"
"REUNION",NA,NA,"REUNION","REU",206,"FRA",NA,"2025-01-01","2025-01-31",2025,10,"Total","Admin0","Month","WHO-ALL-2025-Y01-00","AFRO"
"SAO TOME AND PRINCIPE",NA,NA,"SAO TOME AND PRINCIPE","STP",214,"STP",NA,"2023-04-01","2023-04-30",2023,1685,"Total","Admin0","Month","WHO-ALL-2025-Y01-00","AFRO"
"SAO TOME AND PRINCIPE",NA,NA,"SAO TOME AND PRINCIPE","STP",214,"STP",NA,"2023-05-01","2023-05-31",2023,181,"Total","Admin0","Month","WHO-ALL-2025-Y01-00","AFRO"
"SAO TOME AND PRINCIPE",NA,NA,"SAO TOME AND PRINCIPE","STP",214,"STP",NA,"2023-06-01","2023-06-30",2023,649,"Total","Admin0","Month","WHO-ALL-2025-Y01-00","AFRO"
"SAO TOME AND PRINCIPE",NA,NA,"SAO TOME AND PRINCIPE","STP",214,"STP",NA,"2023-07-01","2023-07-31",2023,112,"Total","Admin0","Month","WHO-ALL-2025-Y01-00","AFRO"
"SAO TOME AND PRINCIPE",NA,NA,"SAO TOME AND PRINCIPE","STP",214,"STP",NA,"2023-08-01","2023-08-31",2023,85,"Total","Admin0","Month","WHO-ALL-2025-Y01-00","AFRO"
"SAO TOME AND PRINCIPE",NA,NA,"SAO TOME AND PRINCIPE","STP",214,"STP",NA,"2023-09-01","2023-09-30",2023,29,"Total","Admin0","Month","WHO-ALL-2025-Y01-00","AFRO"
"SAO TOME AND PRINCIPE",NA,NA,"SAO TOME AND PRINCIPE","STP",214,"STP",NA,"2023-10-01","2023-10-31",2023,23,"Total","Admin0","Month","WHO-ALL-2025-Y01-00","AFRO"
"SAO TOME AND PRINCIPE",NA,NA,"SAO TOME AND PRINCIPE","STP",214,"STP",NA,"2023-11-01","2023-11-30",2023,30,"Total","Admin0","Month","WHO-ALL-2025-Y01-00","AFRO"
"SAO TOME AND PRINCIPE",NA,NA,"SAO TOME AND PRINCIPE","STP",214,"STP",NA,"2023-12-01","2023-12-31",2023,21,"Total","Admin0","Month","WHO-ALL-2025-Y01-00","AFRO"
"SAO TOME AND PRINCIPE",NA,NA,"SAO TOME AND PRINCIPE","STP",214,"STP",NA,"2024-01-01","2024-01-31",2024,4,"Total","Admin0","Month","WHO-ALL-2025-Y01-00","AFRO"
"SAO TOME AND PRINCIPE",NA,NA,"SAO TOME AND PRINCIPE","STP",214,"STP",NA,"2024-02-01","2024-02-29",2024,0,"Total","Admin0","Month","WHO-ALL-2025-Y01-00","AFRO"
"SAO TOME AND PRINCIPE",NA,NA,"SAO TOME AND PRINCIPE","STP",214,"STP",NA,"2024-03-01","2024-03-31",2024,3,"Total","Admin0","Month","WHO-ALL-2025-Y01-00","AFRO"
"SAO TOME AND PRINCIPE",NA,NA,"SAO TOME AND PRINCIPE","STP",214,"STP",NA,"2024-04-01","2024-04-30",2024,12,"Total","Admin0","Month","WHO-ALL-2025-Y01-00","AFRO"
"SAO TOME AND PRINCIPE",NA,NA,"SAO TOME AND PRINCIPE","STP",214,"STP",NA,"2024-05-01","2024-05-31",2024,10,"Total","Admin0","Month","WHO-ALL-2025-Y01-00","AFRO"
"SAO TOME AND PRINCIPE",NA,NA,"SAO TOME AND PRINCIPE","STP",214,"STP",NA,"2024-06-01","2024-06-30",2024,3,"Total","Admin0","Month","WHO-ALL-2025-Y01-00","AFRO"
"SAO TOME AND PRINCIPE",NA,NA,"SAO TOME AND PRINCIPE","STP",214,"STP",NA,"2024-07-01","2024-07-31",2024,0,"Total","Admin0","Month","WHO-ALL-2025-Y01-00","AFRO"
"SAO TOME AND PRINCIPE",NA,NA,"SAO TOME AND PRINCIPE","STP",214,"STP",NA,"2024-08-01","2024-08-31",2024,0,"Total","Admin0","Month","WHO-ALL-2025-Y01-00","AFRO"
"SAO TOME AND PRINCIPE",NA,NA,"SAO TOME AND PRINCIPE","STP",214,"STP",NA,"2024-09-01","2024-09-30",2024,0,"Total","Admin0","Month","WHO-ALL-2025-Y01-00","AFRO"
"SAO TOME AND PRINCIPE",NA,NA,"SAO TOME AND PRINCIPE","STP",214,"STP",NA,"2024-10-01","2024-10-31",2024,0,"Total","Admin0","Month","WHO-ALL-2025-Y01-00","AFRO"
"SAO TOME AND PRINCIPE",NA,NA,"SAO TOME AND PRINCIPE","STP",214,"STP",NA,"2024-11-01","2024-11-30",2024,0,"Total","Admin0","Month","WHO-ALL-2025-Y01-00","AFRO"
"SAO TOME AND PRINCIPE",NA,NA,"SAO TOME AND PRINCIPE","STP",214,"STP",NA,"2024-12-01","2024-12-31",2024,0,"Total","Admin0","Month","WHO-ALL-2025-Y01-00","AFRO"
"SAO TOME AND PRINCIPE",NA,NA,"SAO TOME AND PRINCIPE","STP",214,"STP",NA,"2025-01-01","2025-01-31",2025,0,"Total","Admin0","Month","WHO-ALL-2025-Y01-00","AFRO"
"SAO TOME AND PRINCIPE",NA,NA,"SAO TOME AND PRINCIPE","STP",214,"STP",NA,"2025-02-01","2025-02-28",2025,0,"Total","Admin0","Month","WHO-ALL-2025-Y01-00","AFRO"
"SAO TOME AND PRINCIPE",NA,NA,"SAO TOME AND PRINCIPE","STP",214,"STP",NA,"2025-03-01","2025-03-31",2025,0,"Total","Admin0","Month","WHO-ALL-2025-Y01-00","AFRO"
"SENEGAL",NA,NA,"SENEGAL","SEN",217,"SEN",NA,"2024-01-01","2024-01-31",2024,57,"Total","Admin0","Month","WHO-ALL-2025-Y01-00","AFRO"
"SENEGAL",NA,NA,"SENEGAL","SEN",217,"SEN",NA,"2024-02-01","2024-02-29",2024,67,"Total","Admin0","Month","WHO-ALL-2025-Y01-00","AFRO"
"SENEGAL",NA,NA,"SENEGAL","SEN",217,"SEN",NA,"2024-03-01","2024-03-31",2024,29,"Total","Admin0","Month","WHO-ALL-2025-Y01-00","AFRO"
"SENEGAL",NA,NA,"SENEGAL","SEN",217,"SEN",NA,"2024-04-01","2024-04-30",2024,16,"Total","Admin0","Month","WHO-ALL-2025-Y01-00","AFRO"
"SENEGAL",NA,NA,"SENEGAL","SEN",217,"SEN",NA,"2024-05-01","2024-05-31",2024,12,"Total","Admin0","Month","WHO-ALL-2025-Y01-00","AFRO"
"SENEGAL",NA,NA,"SENEGAL","SEN",217,"SEN",NA,"2024-06-01","2024-06-30",2024,38,"Total","Admin0","Month","WHO-ALL-2025-Y01-00","AFRO"
"SENEGAL",NA,NA,"SENEGAL","SEN",217,"SEN",NA,"2024-07-01","2024-07-31",2024,115,"Total","Admin0","Month","WHO-ALL-2025-Y01-00","AFRO"
"SENEGAL",NA,NA,"SENEGAL","SEN",217,"SEN",NA,"2024-08-01","2024-08-31",2024,94,"Total","Admin0","Month","WHO-ALL-2025-Y01-00","AFRO"
"SENEGAL",NA,NA,"SENEGAL","SEN",217,"SEN",NA,"2024-09-01","2024-09-30",2024,103,"Total","Admin0","Month","WHO-ALL-2025-Y01-00","AFRO"
"SENEGAL",NA,NA,"SENEGAL","SEN",217,"SEN",NA,"2024-10-01","2024-10-31",2024,226,"Total","Admin0","Month","WHO-ALL-2025-Y01-00","AFRO"
"SENEGAL",NA,NA,"SENEGAL","SEN",217,"SEN",NA,"2024-11-01","2024-11-30",2024,354,"Total","Admin0","Month","WHO-ALL-2025-Y01-00","AFRO"
"SENEGAL",NA,NA,"SENEGAL","SEN",217,"SEN",NA,"2024-12-01","2024-12-31",2024,97,"Total","Admin0","Month","WHO-ALL-2025-Y01-00","AFRO"
"SENEGAL",NA,NA,"SENEGAL","SEN",217,"SEN",NA,"2025-01-01","2025-01-31",2025,92,"Total","Admin0","Month","WHO-ALL-2025-Y01-00","AFRO"
"SENEGAL",NA,NA,"SENEGAL","SEN",217,"SEN",NA,"2025-02-01","2025-02-28",2025,140,"Total","Admin0","Month","WHO-ALL-2025-Y01-00","AFRO"
"SENEGAL",NA,NA,"SENEGAL","SEN",217,"SEN",NA,"2025-03-01","2025-03-31",2025,89,"Total","Admin0","Month","WHO-ALL-2025-Y01-00","AFRO"
"SEYCHELLES",NA,NA,"SEYCHELLES","SYC",220,"SYC",NA,"2023-01-01","2023-01-31",2023,419,"Total","Admin0","Month","WHO-ALL-2025-Y01-00","AFRO"
"SEYCHELLES",NA,NA,"SEYCHELLES","SYC",220,"SYC",NA,"2023-02-01","2023-02-28",2023,659,"Total","Admin0","Month","WHO-ALL-2025-Y01-00","AFRO"
"SEYCHELLES",NA,NA,"SEYCHELLES","SYC",220,"SYC",NA,"2023-03-01","2023-03-31",2023,578,"Total","Admin0","Month","WHO-ALL-2025-Y01-00","AFRO"
"SEYCHELLES",NA,NA,"SEYCHELLES","SYC",220,"SYC",NA,"2023-04-01","2023-04-30",2023,292,"Total","Admin0","Month","WHO-ALL-2025-Y01-00","AFRO"
"SEYCHELLES",NA,NA,"SEYCHELLES","SYC",220,"SYC",NA,"2023-05-01","2023-05-31",2023,202,"Total","Admin0","Month","WHO-ALL-2025-Y01-00","AFRO"
"SEYCHELLES",NA,NA,"SEYCHELLES","SYC",220,"SYC",NA,"2023-06-01","2023-06-30",2023,265,"Total","Admin0","Month","WHO-ALL-2025-Y01-00","AFRO"
"SEYCHELLES",NA,NA,"SEYCHELLES","SYC",220,"SYC",NA,"2023-07-01","2023-07-31",2023,260,"Total","Admin0","Month","WHO-ALL-2025-Y01-00","AFRO"
"SEYCHELLES",NA,NA,"SEYCHELLES","SYC",220,"SYC",NA,"2023-08-01","2023-08-31",2023,286,"Total","Admin0","Month","WHO-ALL-2025-Y01-00","AFRO"
"SEYCHELLES",NA,NA,"SEYCHELLES","SYC",220,"SYC",NA,"2023-09-01","2023-09-30",2023,318,"Total","Admin0","Month","WHO-ALL-2025-Y01-00","AFRO"
"SEYCHELLES",NA,NA,"SEYCHELLES","SYC",220,"SYC",NA,"2023-10-01","2023-10-31",2023,458,"Total","Admin0","Month","WHO-ALL-2025-Y01-00","AFRO"
"SEYCHELLES",NA,NA,"SEYCHELLES","SYC",220,"SYC",NA,"2023-11-01","2023-11-30",2023,686,"Total","Admin0","Month","WHO-ALL-2025-Y01-00","AFRO"
"SEYCHELLES",NA,NA,"SEYCHELLES","SYC",220,"SYC",NA,"2023-12-01","2023-12-31",2023,191,"Total","Admin0","Month","WHO-ALL-2025-Y01-00","AFRO"
"SEYCHELLES",NA,NA,"SEYCHELLES","SYC",220,"SYC",NA,"2024-01-01","2024-01-31",2024,268,"Total","Admin0","Month","WHO-ALL-2025-Y01-00","AFRO"
"SEYCHELLES",NA,NA,"SEYCHELLES","SYC",220,"SYC",NA,"2024-02-01","2024-02-29",2024,355,"Total","Admin0","Month","WHO-ALL-2025-Y01-00","AFRO"
"SEYCHELLES",NA,NA,"SEYCHELLES","SYC",220,"SYC",NA,"2024-03-01","2024-03-31",2024,395,"Total","Admin0","Month","WHO-ALL-2025-Y01-00","AFRO"
"SEYCHELLES",NA,NA,"SEYCHELLES","SYC",220,"SYC",NA,"2024-04-01","2024-04-30",2024,360,"Total","Admin0","Month","WHO-ALL-2025-Y01-00","AFRO"
"SEYCHELLES",NA,NA,"SEYCHELLES","SYC",220,"SYC",NA,"2024-05-01","2024-05-31",2024,560,"Total","Admin0","Month","WHO-ALL-2025-Y01-00","AFRO"
"SEYCHELLES",NA,NA,"SEYCHELLES","SYC",220,"SYC",NA,"2024-06-01","2024-06-30",2024,414,"Total","Admin0","Month","WHO-ALL-2025-Y01-00","AFRO"
"SEYCHELLES",NA,NA,"SEYCHELLES","SYC",220,"SYC",NA,"2024-07-01","2024-07-31",2024,231,"Total","Admin0","Month","WHO-ALL-2025-Y01-00","AFRO"
"SEYCHELLES",NA,NA,"SEYCHELLES","SYC",220,"SYC",NA,"2025-01-01","2025-01-31",2025,1,"Total","Admin0","Month","WHO-ALL-2025-Y01-00","AFRO"
"SEYCHELLES",NA,NA,"SEYCHELLES","SYC",220,"SYC",NA,"2025-02-01","2025-02-28",2025,0,"Total","Admin0","Month","WHO-ALL-2025-Y01-00","AFRO"
"SEYCHELLES",NA,NA,"SEYCHELLES","SYC",220,"SYC",NA,"2025-03-01","2025-03-31",2025,0,"Total","Admin0","Month","WHO-ALL-2025-Y01-00","AFRO"
"TOGO",NA,NA,"TOGO","TGO",243,"TGO",NA,"2023-09-01","2023-09-30",2023,2,"Total","Admin0","Month","WHO-ALL-2025-Y01-00","AFRO"
"TOGO",NA,NA,"TOGO","TGO",243,"TGO",NA,"2023-10-01","2023-10-31",2023,12,"Total","Admin0","Month","WHO-ALL-2025-Y01-00","AFRO"
"TOGO",NA,NA,"TOGO","TGO",243,"TGO",NA,"2023-11-01","2023-11-30",2023,21,"Total","Admin0","Month","WHO-ALL-2025-Y01-00","AFRO"
"TOGO",NA,NA,"TOGO","TGO",243,"TGO",NA,"2023-12-01","2023-12-31",2023,20,"Total","Admin0","Month","WHO-ALL-2025-Y01-00","AFRO"
"TOGO",NA,NA,"TOGO","TGO",243,"TGO",NA,"2024-01-01","2024-01-31",2024,0,"Total","Admin0","Month","WHO-ALL-2025-Y01-00","AFRO"
"TOGO",NA,NA,"TOGO","TGO",243,"TGO",NA,"2024-02-01","2024-02-29",2024,0,"Total","Admin0","Month","WHO-ALL-2025-Y01-00","AFRO"
"TOGO",NA,NA,"TOGO","TGO",243,"TGO",NA,"2024-03-01","2024-03-31",2024,0,"Total","Admin0","Month","WHO-ALL-2025-Y01-00","AFRO"
"TOGO",NA,NA,"TOGO","TGO",243,"TGO",NA,"2024-04-01","2024-04-30",2024,0,"Total","Admin0","Month","WHO-ALL-2025-Y01-00","AFRO"
"TOGO",NA,NA,"TOGO","TGO",243,"TGO",NA,"2024-05-01","2024-05-31",2024,0,"Total","Admin0","Month","WHO-ALL-2025-Y01-00","AFRO"
"TOGO",NA,NA,"TOGO","TGO",243,"TGO",NA,"2024-06-01","2024-06-30",2024,0,"Total","Admin0","Month","WHO-ALL-2025-Y01-00","AFRO"
"TOGO",NA,NA,"TOGO","TGO",243,"TGO",NA,"2024-07-01","2024-07-31",2024,0,"Total","Admin0","Month","WHO-ALL-2025-Y01-00","AFRO"
"TOGO",NA,NA,"TOGO","TGO",243,"TGO",NA,"2024-08-01","2024-08-31",2024,0,"Total","Admin0","Month","WHO-ALL-2025-Y01-00","AFRO"
"TOGO",NA,NA,"TOGO","TGO",243,"TGO",NA,"2024-09-01","2024-09-30",2024,0,"Total","Admin0","Month","WHO-ALL-2025-Y01-00","AFRO"
"TOGO",NA,NA,"TOGO","TGO",243,"TGO",NA,"2024-10-01","2024-10-31",2024,0,"Total","Admin0","Month","WHO-ALL-2025-Y01-00","AFRO"
"TOGO",NA,NA,"TOGO","TGO",243,"TGO",NA,"2024-11-01","2024-11-30",2024,0,"Total","Admin0","Month","WHO-ALL-2025-Y01-00","AFRO"
"TOGO",NA,NA,"TOGO","TGO",243,"TGO",NA,"2024-12-01","2024-12-31",2024,0,"Total","Admin0","Month","WHO-ALL-2025-Y01-00","AFRO"
"TOGO",NA,NA,"TOGO","TGO",243,"TGO",NA,"2025-01-01","2025-01-31",2025,0,"Total","Admin0","Month","WHO-ALL-2025-Y01-00","AFRO"
"TOGO",NA,NA,"TOGO","TGO",243,"TGO",NA,"2025-02-01","2025-02-28",2025,0,"Total","Admin0","Month","WHO-ALL-2025-Y01-00","AFRO"
"TOGO",NA,NA,"TOGO","TGO",243,"TGO",NA,"2025-03-01","2025-03-31",2025,0,"Total","Admin0","Month","WHO-ALL-2025-Y01-00","AFRO"
"UNITED REPUBLIC OF TANZANIA",NA,NA,"UNITED REPUBLIC OF TANZANIA","TZA",257,"TZA",NA,"2024-01-01","2024-01-31",2024,4,"Total","Admin0","Month","WHO-ALL-2025-Y01-00","AFRO"
"UNITED REPUBLIC OF TANZANIA",NA,NA,"UNITED REPUBLIC OF TANZANIA","TZA",257,"TZA",NA,"2024-02-01","2024-02-29",2024,4,"Total","Admin0","Month","WHO-ALL-2025-Y01-00","AFRO"
"UNITED REPUBLIC OF TANZANIA",NA,NA,"UNITED REPUBLIC OF TANZANIA","TZA",257,"TZA",NA,"2024-03-01","2024-03-31",2024,3,"Total","Admin0","Month","WHO-ALL-2025-Y01-00","AFRO"
"UNITED REPUBLIC OF TANZANIA",NA,NA,"UNITED REPUBLIC OF TANZANIA","TZA",257,"TZA",NA,"2024-04-01","2024-04-30",2024,0,"Total","Admin0","Month","WHO-ALL-2025-Y01-00","AFRO"
"UNITED REPUBLIC OF TANZANIA",NA,NA,"UNITED REPUBLIC OF TANZANIA","TZA",257,"TZA",NA,"2024-05-01","2024-05-31",2024,0,"Total","Admin0","Month","WHO-ALL-2025-Y01-00","AFRO"
"UNITED REPUBLIC OF TANZANIA",NA,NA,"UNITED REPUBLIC OF TANZANIA","TZA",257,"TZA",NA,"2024-06-01","2024-06-30",2024,0,"Total","Admin0","Month","WHO-ALL-2025-Y01-00","AFRO"
"UNITED REPUBLIC OF TANZANIA",NA,NA,"UNITED REPUBLIC OF TANZANIA","TZA",257,"TZA",NA,"2024-07-01","2024-07-31",2024,0,"Total","Admin0","Month","WHO-ALL-2025-Y01-00","AFRO"
"UNITED REPUBLIC OF TANZANIA",NA,NA,"UNITED REPUBLIC OF TANZANIA","TZA",257,"TZA",NA,"2024-08-01","2024-08-31",2024,0,"Total","Admin0","Month","WHO-ALL-2025-Y01-00","AFRO"
"UNITED REPUBLIC OF TANZANIA",NA,NA,"UNITED REPUBLIC OF TANZANIA","TZA",257,"TZA",NA,"2024-09-01","2024-09-30",2024,6,"Total","Admin0","Month","WHO-ALL-2025-Y01-00","AFRO"
"UNITED REPUBLIC OF TANZANIA",NA,NA,"UNITED REPUBLIC OF TANZANIA","TZA",257,"TZA",NA,"2024-10-01","2024-10-31",2024,0,"Total","Admin0","Month","WHO-ALL-2025-Y01-00","AFRO"
"UNITED REPUBLIC OF TANZANIA",NA,NA,"UNITED REPUBLIC OF TANZANIA","TZA",257,"TZA",NA,"2024-11-01","2024-11-30",2024,17,"Total","Admin0","Month","WHO-ALL-2025-Y01-00","AFRO"
"UNITED REPUBLIC OF TANZANIA",NA,NA,"UNITED REPUBLIC OF TANZANIA","TZA",257,"TZA",NA,"2024-12-01","2024-12-31",2024,0,"Total","Admin0","Month","WHO-ALL-2025-Y01-00","AFRO"
"UNITED REPUBLIC OF TANZANIA",NA,NA,"UNITED REPUBLIC OF TANZANIA","TZA",257,"TZA",NA,"2025-01-01","2025-01-31",2025,1,"Total","Admin0","Month","WHO-ALL-2025-Y01-00","AFRO"
"UNITED REPUBLIC OF TANZANIA",NA,NA,"UNITED REPUBLIC OF TANZANIA","TZA",257,"TZA",NA,"2025-02-01","2025-02-28",2025,3,"Total","Admin0","Month","WHO-ALL-2025-Y01-00","AFRO"
"UNITED REPUBLIC OF TANZANIA",NA,NA,"UNITED REPUBLIC OF TANZANIA","TZA",257,"TZA",NA,"2025-03-01","2025-03-31",2025,0,"Total","Admin0","Month","WHO-ALL-2025-Y01-00","AFRO"
